Player,Team,Pos,G,AB,R,H,2B,3B,HR,RBI,BB,SO,AVG,OBP
"Kendrick, H",WSH,3B,121,334,61,115,23,1,17,62,27,49,0.344,0.395
"Anderson, T",CWS,SS,123,498,81,167,32,0,18,56,15,109,0.335,0.357
"Arraez, L",MIN,2B,92,326,54,109,20,1,4,28,36,29,0.334,0.399
"Solano, D",SF,SS,81,215,27,71,13,1,4,23,10,49,0.33,0.36
"Yelich, C",MIL,RF,130,489,100,161,29,3,44,97,80,118,0.329,0.429
"Marte, K",ARI,CF,144,569,97,187,36,9,32,92,53,86,0.329,0.389
"LeMahieu, D",NYY,2B,145,602,109,197,33,2,26,102,46,90,0.327,0.375
"Rendon, A",WSH,3B,146,545,117,174,44,3,34,126,80,86,0.319,0.412
"McNeil, J",NYM,LF,133,510,83,162,38,1,23,75,35,75,0.318,0.384
"Tatis Jr., F",SD,SS,84,334,61,106,13,6,22,53,30,110,0.317,0.379
"Flores, W",ARI,2B,89,265,31,84,18,0,9,37,15,31,0.317,0.361
"Moncada, Y",CWS,3B,132,511,83,161,34,5,25,79,40,154,0.315,0.367
"Freese, D",LAD,1B,79,162,35,51,13,0,11,29,23,44,0.315,0.403
"Arenado, N",COL,3B,155,588,102,185,31,2,41,118,62,93,0.315,0.379
"Urshela, G",NYY,3B,132,442,73,139,34,0,21,74,25,87,0.314,0.355
"Blackmon, C",COL,RF,140,580,112,182,42,7,32,86,40,104,0.314,0.364
"Reynolds, B",PIT,LF,134,491,83,154,37,4,16,68,46,121,0.314,0.377
"Alvarez, Y",HOU,OF,87,313,58,98,26,0,27,78,52,94,0.313,0.412
"Brantley, M",HOU,LF,148,575,88,179,40,2,22,90,51,66,0.311,0.372
"Bichette, B",TOR,SS,46,196,32,61,18,0,11,21,14,50,0.311,0.358
"Devers, R",BOS,3B,156,647,129,201,54,4,32,115,48,119,0.311,0.361
"Cruz, N",MIN,DH,120,454,81,141,26,0,41,108,56,131,0.311,0.392
"Bogaerts, X",BOS,SS,155,614,110,190,52,0,33,117,76,122,0.309,0.384
"Newman, K",PIT,SS,130,493,61,152,20,6,12,64,28,62,0.308,0.353
"Davis, J",NYM,3B,140,410,65,126,22,1,22,57,38,97,0.307,0.369
"Alberto, H",BAL,2B,139,524,62,160,21,2,12,51,16,50,0.305,0.329
"Bellinger, C",LAD,RF,156,558,121,170,34,3,47,115,95,108,0.305,0.406
"Martinez, J",BOS,LF,146,575,98,175,33,2,36,105,72,138,0.304,0.383
"Reyes, V",DET,LF,69,276,29,84,16,5,3,25,14,64,0.304,0.336
"Dickerson, C",PHI,LF,78,260,33,79,28,2,12,59,16,56,0.304,0.341
"Edman, T",STL,SS,92,326,59,99,17,7,11,36,16,61,0.304,0.35
"Hiura, K",MIL,2B,84,314,51,95,23,2,19,49,25,107,0.303,0.368
"Merrifield, W",KC,2B,162,681,105,206,41,10,16,74,45,126,0.302,0.348
"Dahl, D",COL,LF,100,374,67,113,28,5,15,61,28,110,0.302,0.353
"Altuve, J",HOU,2B,124,500,89,149,27,3,31,74,41,82,0.298,0.353
"Gurriel, Y",HOU,1B,144,564,85,168,40,2,31,104,37,65,0.298,0.343
"Turner, T",WSH,SS,122,521,96,155,37,5,19,57,43,113,0.298,0.353
"Holt, B",BOS,2B,87,259,38,77,14,2,3,31,28,57,0.297,0.369
"Pence, H",TEX,DH,83,286,53,85,17,1,18,59,26,69,0.297,0.358
"Bregman, A",HOU,3B,156,554,122,164,37,2,41,112,119,83,0.296,0.423
"Albies, O",ATL,2B,160,640,102,189,43,8,24,86,54,112,0.295,0.352
"Joyce, M",ATL,LF,129,200,32,59,10,0,7,23,38,45,0.295,0.408
"Marte, S",PIT,CF,132,539,97,159,31,6,23,82,25,94,0.295,0.342
"Betts, M",BOS,RF,150,597,135,176,40,5,29,80,97,101,0.295,0.391
"Freeman, F",ATL,1B,158,597,113,176,34,2,38,121,87,127,0.295,0.389
"Polanco, J",MIN,SS,153,631,107,186,40,7,22,79,60,116,0.295,0.356
"La Stella, T",LAA,2B,80,292,49,86,8,0,16,44,20,28,0.295,0.346
"Verdugo, A",LAD,CF,106,343,43,101,22,2,12,44,26,49,0.294,0.342
"Story, T",COL,SS,145,588,111,173,38,5,35,85,58,174,0.294,0.363
"Solak, N",TEX,2B,33,116,19,34,6,1,5,17,15,29,0.293,0.393
"Rizzo, A",CHC,1B,146,512,89,150,29,3,27,94,71,86,0.293,0.405
"Springer, G",HOU,RF,122,479,96,140,20,3,39,96,67,113,0.292,0.383
"Trout, M",LAA,CF,134,470,110,137,27,2,45,104,110,120,0.291,0.438
"Castro, H",DET,3B,97,354,30,103,10,4,5,38,9,86,0.291,0.305
"Mancini, T",BAL,RF,154,602,106,175,38,2,35,97,63,143,0.291,0.364
"Meadows, A",TB,RF,138,530,83,154,29,7,33,89,54,131,0.291,0.364
"Sogard, E",TB,2B,110,396,59,115,23,2,13,40,38,63,0.29,0.353
"Fletcher, D",LAA,3B,154,596,83,173,30,4,6,49,55,64,0.29,0.35
"Turner, J",LAD,3B,135,479,80,139,24,0,27,67,51,88,0.29,0.372
"Castellanos, N",CHC,RF,151,615,100,178,58,3,27,73,41,143,0.289,0.337
"Naquin, T",CLE,RF,89,274,34,79,19,0,10,34,14,66,0.288,0.325
"Laureano, R",OAK,CF,123,434,79,125,29,0,24,67,27,123,0.288,0.34
"Iglesias, J",CIN,SS,146,504,62,145,21,3,11,59,20,70,0.288,0.318
"Ramos, W",NYM,C,141,473,52,136,19,0,14,73,44,69,0.288,0.351
"Rosario, A",NYM,SS,157,616,75,177,30,7,15,72,31,124,0.287,0.323
"Ohtani, S",LAA,DH,106,384,51,110,20,5,18,62,33,110,0.286,0.343
"Braun, R",MIL,LF,144,459,70,131,31,2,22,75,34,105,0.285,0.343
"Markakis, N",ATL,RF,116,414,61,118,25,2,9,62,47,59,0.285,0.356
"Semien, M",OAK,SS,162,657,123,187,43,7,33,92,87,102,0.285,0.369
"Maybin, C",NYY,LF,82,239,48,68,17,0,11,32,30,72,0.285,0.364
"Wong, K",STL,2B,148,478,61,136,25,4,11,59,47,83,0.285,0.361
"Lindor, F",CLE,SS,143,598,101,170,40,2,32,74,46,98,0.284,0.335
"Abreu, J",CWS,1B,159,634,85,180,38,1,33,123,36,152,0.284,0.33
"Rojas, M",MIA,SS,132,483,52,137,29,1,5,46,32,62,0.284,0.331
"Santana, D",TEX,2B,130,474,81,134,23,6,28,81,25,151,0.283,0.324
"Smith, D",NYM,1B,89,177,35,50,10,0,11,25,19,44,0.282,0.355
"Soto, J",WSH,LF,150,542,110,153,32,5,34,110,108,132,0.282,0.401
"Garcia, A",TB,RF,125,489,61,138,25,2,20,72,31,125,0.282,0.332
"Cabrera, M",DET,1B,136,493,41,139,21,0,12,59,48,108,0.282,0.346
"Bryant, K",CHC,3B,147,543,108,153,35,1,31,77,74,145,0.282,0.382
"Santana, C",CLE,1B,158,573,110,161,30,1,34,93,108,108,0.281,0.397
"Cooper, G",MIA,RF,107,381,52,107,16,1,15,50,33,110,0.281,0.344
"Romine, A",NYY,C,72,228,29,64,12,0,8,35,10,50,0.281,0.31
"Baez, J",CHC,SS,138,531,89,149,38,4,29,85,28,156,0.281,0.316
"Cabrera, M",PIT,RF,133,378,43,106,22,1,7,47,17,41,0.28,0.313
"Acuna Jr., R",ATL,LF,156,626,127,175,22,2,41,101,76,188,0.28,0.365
"Segura, J",PHI,SS,144,576,79,161,37,4,12,60,30,73,0.28,0.323
"Hernandez, C",PHI,2B,161,612,77,171,31,3,14,71,45,100,0.279,0.333
"Dozier, H",KC,3B,139,523,75,146,29,10,26,84,55,148,0.279,0.348
"Eaton, A",WSH,RF,151,566,103,158,25,7,15,49,65,106,0.279,0.365
"Garcia, L",CWS,CF,140,577,93,161,27,3,8,40,21,139,0.279,0.31
"Correa, C",HOU,SS,75,280,42,78,16,1,21,59,35,75,0.279,0.358
"Murphy, D",COL,1B,132,438,56,122,35,1,13,78,32,74,0.279,0.328
"Torres, G",NYY,SS,144,546,96,152,26,0,38,90,48,129,0.278,0.337
"Holaday, B",MIA,C,43,115,12,32,6,0,4,12,11,21,0.278,0.344
"Narvaez, O",SEA,C,132,428,63,119,12,0,22,55,47,92,0.278,0.353
"Frazier, A",PIT,2B,152,554,80,154,33,7,10,50,40,75,0.278,0.336
"Gurriel Jr., L",TOR,LF,84,314,52,87,19,2,20,50,20,86,0.277,0.327
"Bell, J",PIT,1B,143,527,94,146,37,3,37,116,74,118,0.277,0.367
"Tauchman, M",NYY,CF,87,260,46,72,18,1,13,47,34,71,0.277,0.361
"Freeman, M",CLE,2B,75,177,27,49,8,0,4,24,22,61,0.277,0.362
"Moran, C",PIT,3B,149,466,46,129,30,1,13,80,30,117,0.277,0.322
"Vazquez, C",BOS,C,138,482,66,133,26,1,23,72,33,101,0.276,0.32
"Dickerson, A",SF,LF,68,174,29,48,13,3,6,28,13,42,0.276,0.332
"Rosario, E",MIN,LF,137,562,91,155,28,1,32,109,22,86,0.276,0.3
"Luplow, J",CLE,RF,85,225,42,62,15,1,15,38,33,61,0.276,0.372
"Ramirez, H",MIA,CF,119,421,54,116,20,3,11,50,18,91,0.276,0.312
"Reddick, J",HOU,RF,141,501,57,138,19,3,14,56,36,66,0.275,0.319
"Realmuto, J",PHI,C,145,538,92,148,36,3,25,83,41,123,0.275,0.328
"Andrus, E",TEX,SS,147,600,81,165,27,4,12,72,34,96,0.275,0.313
"Peralta, D",ARI,LF,99,382,48,105,29,3,12,57,35,87,0.275,0.343
"Gordon, D",SEA,2B,117,393,36,108,12,6,3,34,18,61,0.275,0.304
"Tapia, R",COL,LF,138,426,54,117,23,5,9,44,21,100,0.275,0.309
"Villar, J",BAL,2B,162,642,111,176,33,5,24,73,61,176,0.274,0.339
"Dubon, M",SF,SS,30,106,12,29,5,0,4,9,5,20,0.274,0.306
"Berti, J",MIA,3B,73,256,52,70,14,1,6,24,24,73,0.273,0.348
"Pham, T",TB,LF,145,567,77,155,33,2,21,68,81,123,0.273,0.369
"McCann, J",CWS,C,118,439,62,120,26,1,18,60,30,137,0.273,0.328
"Garver, M",MIN,C,93,311,70,85,16,1,31,67,41,87,0.273,0.365
"Canha, M",OAK,1B,126,410,80,112,16,3,26,58,67,107,0.273,0.396
"Murphy, T",SEA,C,75,260,32,71,12,1,18,40,19,87,0.273,0.324
"Brosseau, M",TB,3B,50,132,17,36,7,0,6,16,7,39,0.273,0.319
"Judge, A",NYY,RF,102,378,75,103,18,1,27,55,64,141,0.272,0.381
"Adrianza, E",MIN,3B,83,202,34,55,8,3,5,22,20,40,0.272,0.349
"Yastrzemski, M",SF,LF,107,371,64,101,22,3,21,55,32,107,0.272,0.334
"Contreras, W",CHC,C,105,360,57,98,18,2,24,64,38,102,0.272,0.355
"Seager, C",LAD,SS,134,489,82,133,44,1,19,87,44,98,0.272,0.335
"Guerrero Jr., V",TOR,3B,123,464,52,126,26,2,15,69,46,91,0.272,0.339
"Diaz, A",HOU,2B,69,210,36,57,12,1,9,40,26,28,0.271,0.356
"Suarez, E",CIN,3B,159,575,87,156,22,2,49,103,70,189,0.271,0.358
"Ervin, P",CIN,RF,94,236,30,64,11,7,7,23,18,63,0.271,0.331
"Castro, S",MIA,2B,162,636,68,172,31,4,22,86,28,111,0.27,0.3
"Lopes, T",SEA,2B,41,111,11,30,7,0,1,12,15,29,0.27,0.359
"Lowe, B",TB,2B,82,296,42,80,17,2,17,51,25,113,0.27,0.336
"Molina, Y",STL,C,113,419,45,113,24,0,10,57,23,58,0.27,0.312
"Mercer, J",DET,SS,74,256,24,69,16,0,9,22,13,57,0.27,0.31
"Martinez, J",STL,RF,128,334,45,90,13,2,10,42,35,82,0.269,0.34
"Mercado, O",CLE,RF,115,438,70,118,25,3,15,54,28,84,0.269,0.318
"Winker, J",CIN,LF,113,338,51,91,17,2,16,38,38,60,0.269,0.357
"Nola, A",SEA,1B,79,238,37,64,12,1,10,31,23,63,0.269,0.342
"Escobar, E",ARI,3B,158,636,94,171,29,10,35,118,50,130,0.269,0.32
"Vargas, I",ARI,2B,92,201,25,54,9,1,6,24,9,24,0.269,0.299
"Calhoun, W",TEX,LF,83,309,51,83,14,1,21,48,23,53,0.269,0.323
"Straw, M",HOU,CF,56,108,27,29,4,2,0,7,19,24,0.269,0.378
"Astudillo, W",MIN,C,58,190,28,51,9,0,4,21,5,8,0.268,0.299
"Sandoval, P",SF,3B,108,272,42,73,23,0,14,41,18,67,0.268,0.313
"Mazara, N",TEX,RF,116,429,69,115,27,1,19,66,28,108,0.268,0.318
"Munoz, Y",STL,2B,88,172,20,46,7,1,2,13,7,37,0.267,0.298
"Diaz, Y",TB,3B,79,307,53,82,20,1,14,38,35,61,0.267,0.34
"Jimenez, E",CWS,LF,122,468,69,125,18,2,31,79,30,134,0.267,0.315
"Olson, M",OAK,1B,127,483,73,129,26,0,36,91,51,138,0.267,0.351
"Duvall, A",ATL,LF,41,120,17,32,4,1,10,19,7,39,0.267,0.315
"Frazier, C",NYY,RF,69,225,31,60,14,0,12,38,16,70,0.267,0.317
"Jay, J",CWS,CF,47,165,12,44,8,0,0,9,8,30,0.267,0.311
"Puig, Y",CLE,RF,149,555,76,148,30,2,24,84,44,133,0.267,0.327
"Caratini, V",CHC,C,95,244,31,65,11,0,11,34,29,59,0.266,0.348
"Pollock, A",LAD,CF,86,308,49,82,15,1,15,47,23,74,0.266,0.327
"Gordon, A",KC,LF,150,556,77,148,31,1,13,76,51,100,0.266,0.345
"Benintendi, A",BOS,LF,138,541,72,144,40,5,13,68,59,140,0.266,0.343
"Haseley, A",PHI,CF,67,222,30,59,14,0,5,26,14,60,0.266,0.324
"Mejia, F",SD,C,79,226,27,60,11,2,8,22,13,56,0.265,0.316
"Beaty, M",LAD,1B,99,249,36,66,19,1,9,46,17,33,0.265,0.317
"Hosmer, E",SD,1B,160,619,72,164,29,2,22,99,40,163,0.265,0.31
"Soler, J",KC,RF,162,589,95,156,33,1,48,117,73,178,0.265,0.354
"Choo, S",TEX,LF,151,563,93,149,31,2,24,61,78,165,0.265,0.371
"Osuna, J",PIT,3B,95,261,41,69,20,0,10,36,18,48,0.264,0.31
"Happ, I",CHC,CF,58,140,25,37,7,1,11,30,15,39,0.264,0.333
"Suzuki, K",WSH,C,85,280,37,74,11,0,17,63,20,36,0.264,0.324
"Simmons, A",LAA,SS,103,398,47,105,19,0,7,40,24,37,0.264,0.309
"Gonzalez, M",MIN,3B,114,425,52,112,19,0,15,55,31,98,0.264,0.322
"Voit, L",NYY,1B,118,429,72,113,21,1,21,62,71,142,0.263,0.378
"Long, S",SEA,2B,42,152,21,40,12,1,5,15,16,40,0.263,0.333
"Lowe, N",TB,1B,50,152,24,40,8,0,7,19,13,50,0.263,0.325
"Vogt, S",SF,C,99,255,30,67,24,2,10,40,20,66,0.263,0.314
"Mondesi, A",KC,SS,102,415,58,109,20,10,9,62,19,132,0.263,0.291
"O'Neill, T",STL,LF,60,141,18,37,6,0,5,16,10,53,0.262,0.311
"Taylor, C",LAD,LF,124,366,52,96,29,4,12,52,37,115,0.262,0.333
"Alfaro, J",MIA,C,130,431,44,113,14,1,18,57,22,154,0.262,0.312
"Buxton, B",MIN,CF,87,271,48,71,30,4,10,46,19,68,0.262,0.314
"Wolters, T",COL,C,121,359,42,94,17,2,1,42,36,68,0.262,0.337
"Stallings, J",PIT,C,71,191,26,50,5,0,6,13,16,40,0.262,0.325
"Goodwin, B",LAA,LF,136,413,65,108,29,3,17,47,38,129,0.262,0.326
"Anderson, B",MIA,3B,126,459,57,120,33,1,20,66,44,114,0.261,0.342
"Walker, N",MIA,1B,115,337,37,88,19,1,8,38,42,77,0.261,0.344
"Choi, J",TB,1B,127,410,54,107,20,2,19,63,64,108,0.261,0.363
"Votto, J",CIN,1B,142,525,79,137,32,1,15,47,76,123,0.261,0.357
"Santander, A",BAL,LF,93,380,46,99,20,1,20,59,19,86,0.261,0.297
"Galvis, F",CIN,SS,147,557,67,145,28,1,23,70,28,145,0.26,0.296
"Harper, B",PHI,RF,157,573,98,149,36,1,35,114,99,178,0.26,0.372
"Zobrist, B",CHC,RF,47,150,24,39,5,0,1,17,23,24,0.26,0.358
"Jones, A",ARI,RF,137,485,66,126,25,1,16,67,31,101,0.26,0.313
"Cain, L",MIL,CF,148,562,75,146,30,0,11,48,50,106,0.26,0.325
"Miller, B",PHI,2B,79,154,26,40,6,1,13,25,15,45,0.26,0.329
"Alonso, P",NYM,1B,161,597,103,155,30,2,53,120,72,183,0.26,0.358
"Goldschmidt, P",STL,1B,161,597,97,155,25,1,34,97,78,166,0.26,0.346
"Cabrera, A",WSH,3B,131,447,69,116,25,1,18,91,57,103,0.26,0.342
"Culberson, C",ATL,LF,108,135,14,35,5,2,5,20,6,44,0.259,0.294
"Walker, C",ARI,1B,152,529,86,137,26,1,29,73,67,155,0.259,0.348
"Ford, M",NYY,1B,50,143,30,37,7,0,12,25,17,28,0.259,0.35
"Donaldson, J",ATL,3B,155,549,96,142,33,0,37,94,100,155,0.259,0.379
"Pillar, K",SF,CF,161,611,83,158,37,3,21,88,18,89,0.259,0.287
"Aquino, A",CIN,RF,56,205,31,53,8,0,19,47,16,60,0.259,0.316
"Trevino, J",TEX,C,40,120,18,31,9,0,2,13,3,27,0.258,0.272
"Kingery, S",PHI,CF,126,458,64,118,34,4,19,55,34,147,0.258,0.315
"Cave, J",MIN,CF,72,198,28,51,11,2,8,25,21,71,0.258,0.351
"Bote, D",CHC,3B,127,303,47,78,17,0,11,41,44,93,0.257,0.362
"Zimmerman, R",WSH,1B,52,171,20,44,9,0,6,27,17,39,0.257,0.321
"Conforto, M",NYM,RF,151,549,90,141,29,1,33,92,84,149,0.257,0.363
"Posey, B",SF,C,114,405,43,104,24,0,7,38,34,71,0.257,0.32
"Cano, R",NYM,2B,107,390,46,100,28,0,13,39,25,69,0.256,0.307
"Schoop, J",MIN,2B,121,433,61,111,23,1,23,59,20,116,0.256,0.304
"Senzel, N",CIN,CF,104,375,55,96,20,4,12,42,30,101,0.256,0.315
"McCutchen, A",PHI,LF,59,219,45,56,12,1,10,29,43,55,0.256,0.378
"Machado, M",SD,SS,156,587,81,150,21,2,32,85,65,128,0.256,0.334
"Ramirez, J",CLE,3B,129,482,68,123,33,3,23,83,52,74,0.255,0.327
"Desmond, I",COL,CF,140,443,64,113,31,4,20,65,34,119,0.255,0.31
"Robles, V",WSH,CF,155,546,86,139,33,3,17,65,35,140,0.255,0.326
"Moustakas, M",MIL,2B,143,523,80,133,30,1,35,87,53,98,0.254,0.329
"Adames, W",TB,SS,152,531,69,135,25,1,20,52,46,153,0.254,0.317
"Longoria, E",SF,3B,129,453,59,115,19,2,20,69,43,112,0.254,0.325
"Chavis, M",BOS,2B,95,347,46,88,10,1,18,58,31,127,0.254,0.322
"Ahmed, N",ARI,SS,158,556,79,141,33,6,19,82,52,113,0.254,0.316
"Gonzalez, E",PIT,SS,53,142,15,36,4,1,1,6,9,37,0.254,0.301
"Cron, C",MIN,1B,125,458,51,116,24,0,25,78,29,107,0.253,0.311
"Gallo, J",TEX,CF,70,241,54,61,15,1,22,49,52,114,0.253,0.389
"Smith, W",LAD,C,54,170,30,43,9,0,15,42,18,52,0.253,0.337
"Santana, D",SEA,LF,121,451,63,114,20,1,21,69,50,164,0.253,0.329
"Sanchez, Y",CWS,2B,149,496,59,125,20,4,2,43,44,117,0.252,0.318
"Difo, W",WSH,2B,43,131,15,33,2,0,2,8,12,29,0.252,0.315
"Kepler, M",MIN,RF,134,524,98,132,32,0,36,90,60,99,0.252,0.336
"Duffy, M",TB,3B,46,147,12,37,8,0,1,12,19,29,0.252,0.343
"Moreland, M",BOS,1B,91,298,48,75,17,1,19,58,34,74,0.252,0.328
"Heyward, J",CHC,RF,147,513,78,129,20,4,21,62,68,110,0.251,0.343
"Smith, K",LAA,C,67,191,21,48,12,0,5,20,16,37,0.251,0.318
"Casali, C",CIN,C,84,207,24,52,9,0,8,32,25,59,0.251,0.331
"D'Arnaud, T",TB,C,103,351,52,88,16,0,16,69,32,85,0.251,0.312
"Frazier, T",NYM,3B,133,447,63,112,19,2,21,67,40,106,0.251,0.329
"Swanson, D",ATL,SS,127,483,77,121,26,3,17,65,51,124,0.251,0.325
"Muncy, M",LAD,1B,141,487,101,122,22,1,35,98,90,149,0.251,0.374
"Gardner, B",NYY,CF,141,491,86,123,26,7,28,74,52,108,0.251,0.325
"Goins, R",CWS,2B,52,144,13,36,6,1,2,10,17,44,0.25,0.333
"Hernandez, M",BOS,3B,61,148,18,37,7,0,2,11,3,42,0.25,0.279
"Locastro, T",ARI,LF,91,212,38,53,12,2,1,17,14,44,0.25,0.357
"McMahon, R",COL,2B,141,480,70,120,22,1,24,83,56,160,0.25,0.329
"Schwarber, K",CHC,LF,155,529,82,132,29,3,38,92,70,156,0.25,0.339
"DeShields, D",TEX,CF,118,357,42,89,15,4,4,32,38,100,0.249,0.325
"Piscotty, S",OAK,RF,93,357,46,89,17,1,13,44,29,84,0.249,0.309
"Severino, P",BAL,C,96,305,37,76,13,0,13,44,29,73,0.249,0.321
"McCann, B",ATL,C,85,277,28,69,9,0,12,45,31,53,0.249,0.323
"Naylor, J",SD,RF,94,253,29,63,15,0,8,32,25,64,0.249,0.315
"Reyes, F",CLE,RF,150,494,69,123,19,0,37,81,47,156,0.249,0.31
"Pederson, J",LAD,LF,149,450,83,112,16,3,36,74,50,111,0.249,0.339
"Chapman, M",OAK,3B,156,583,102,145,36,3,36,91,73,147,0.249,0.342
"Goodrum, N",DET,LF,112,423,61,105,27,5,12,45,46,138,0.248,0.322
"Dixon, B",DET,1B,117,391,41,97,20,4,15,52,21,136,0.248,0.29
"Puello, C",MIA,LF,44,125,14,31,5,0,4,18,10,38,0.248,0.356
"Gamel, B",MIL,LF,134,311,47,77,18,0,7,33,40,104,0.248,0.337
"Garcia, G",SD,2B,134,311,52,77,13,4,4,31,53,83,0.248,0.364
"Hampson, G",COL,2B,105,299,40,74,9,4,8,27,24,88,0.247,0.302
"Thames, E",MIL,1B,149,396,67,98,23,2,25,61,51,140,0.247,0.346
"Sano, M",MIN,3B,105,380,76,94,19,2,34,79,55,159,0.247,0.346
"Inciarte, E",ATL,CF,65,199,30,49,11,2,5,24,26,41,0.246,0.343
"Cuthbert, C",KC,3B,87,309,24,76,14,0,9,40,19,67,0.246,0.294
"Grandal, Y",MIL,C,153,513,79,126,26,2,28,77,109,139,0.246,0.38
"Lugo, D",DET,3B,77,273,28,67,11,4,6,26,8,59,0.245,0.271
"Kelly, C",ARI,C,111,314,46,77,19,0,18,47,48,79,0.245,0.348
"Kipnis, J",CLE,2B,121,458,52,112,23,1,17,65,40,88,0.245,0.304
"Pujols, A",LAA,1B,131,491,55,120,22,0,23,93,43,68,0.244,0.305
"Panik, J",NYM,2B,142,438,50,107,21,2,5,39,43,47,0.244,0.315
"Encarnacion, E",NYY,1B,109,418,81,102,18,0,34,86,58,103,0.244,0.344
"Nunez, R",BAL,3B,151,541,72,132,24,0,31,90,44,143,0.244,0.311
"Engel, A",CWS,CF,89,227,26,55,10,2,6,26,14,78,0.242,0.304
"Polanco, G",PIT,RF,42,153,23,37,8,1,6,17,12,49,0.242,0.301
"Hechavarria, A",ATL,2B,84,203,34,49,12,1,9,33,14,48,0.241,0.299
"Ozuna, M",STL,LF,130,485,80,117,23,1,29,89,62,114,0.241,0.328
"Diaz, E",PIT,C,101,303,31,73,14,0,2,28,23,56,0.241,0.296
"Smith Jr, D",BAL,LF,101,357,46,86,16,3,13,53,26,82,0.241,0.297
"Grossman, R",OAK,LF,138,420,57,101,21,3,6,38,59,86,0.24,0.334
"Pinder, C",OAK,LF,124,341,45,82,21,0,13,47,20,88,0.24,0.29
"Lopez, N",KC,2B,103,379,44,91,22,2,2,30,18,51,0.24,0.276
"Peraza, J",CIN,2B,141,376,37,90,18,2,6,33,17,58,0.239,0.285
"Seager, K",SEA,3B,106,393,55,94,19,1,23,63,44,86,0.239,0.321
"Myers, W",SD,LF,155,435,58,104,22,1,18,53,51,168,0.239,0.321
"Perez, R",CLE,C,119,389,46,93,9,1,24,63,45,127,0.239,0.321
"Phegley, J",OAK,C,106,314,44,75,18,0,12,62,15,63,0.239,0.282
"Fowler, D",STL,RF,150,487,69,116,24,1,19,67,74,142,0.238,0.346
"Gallagher, C",KC,C,45,126,14,30,7,0,3,12,11,28,0.238,0.312
"Rengifo, L",LAA,2B,108,357,44,85,18,3,7,33,40,93,0.238,0.321
"Slater, A",SF,LF,68,168,20,40,9,3,5,21,22,59,0.238,0.333
"Stewart, D",BAL,RF,44,126,15,30,6,0,4,15,14,26,0.238,0.317
"Dozier, B",WSH,2B,135,416,54,99,20,0,20,50,61,105,0.238,0.34
"Chirinos, R",HOU,C,114,366,57,87,22,1,17,58,51,125,0.238,0.347
"Gregorius, D",NYY,SS,82,324,47,77,14,2,16,61,17,53,0.238,0.276
"Kiner-Falefa, I",TEX,3B,65,202,23,48,12,1,1,21,14,49,0.238,0.299
"Russell, A",CHC,2B,82,215,25,51,4,1,9,23,20,58,0.237,0.308
"Beckham, T",SEA,SS,88,304,39,72,21,1,15,47,21,102,0.237,0.293
"VanMeter, J",CIN,LF,95,228,33,54,13,1,8,23,29,56,0.237,0.327
"Hernandez, K",LAD,2B,130,414,57,98,19,1,17,64,36,97,0.237,0.304
"Healy, R",SEA,3B,47,169,24,40,16,0,7,26,13,40,0.237,0.289
"Almora Jr., A",CHC,CF,130,339,41,80,11,1,12,32,16,62,0.236,0.271
"Aguilar, J",TB,1B,131,314,39,74,12,0,12,50,43,81,0.236,0.325
"Hicks, A",NYY,CF,59,221,41,52,10,0,12,36,31,72,0.235,0.325
"Jones, J",DET,CF,88,298,39,70,19,3,11,26,27,94,0.235,0.31
"Biggio, C",TOR,2B,100,354,66,83,17,2,16,48,71,123,0.234,0.364
"Franco, M",PHI,3B,123,389,48,91,17,0,17,56,36,61,0.234,0.297
"Belt, B",SF,1B,156,526,76,123,32,3,17,57,83,127,0.234,0.339
"Duggar, S",SF,RF,73,261,26,61,12,2,4,28,16,78,0.234,0.278
"France, T",SD,3B,69,184,20,43,8,1,7,24,9,49,0.234,0.294
"Margot, M",SD,CF,151,398,59,93,19,3,12,37,38,88,0.234,0.304
"Parra, G",WSH,LF,119,274,38,64,14,1,9,48,19,59,0.234,0.293
"DeJong, P",STL,SS,159,583,97,136,31,1,30,78,62,149,0.233,0.318
"Stewart, C",DET,LF,104,369,32,86,25,1,10,40,34,103,0.233,0.305
"Marisnick, J",HOU,CF,120,292,46,68,16,3,10,34,17,95,0.233,0.289
"Camargo, J",ATL,3B,98,232,31,54,12,1,7,32,15,43,0.233,0.279
"Prado, M",MIA,1B,104,245,26,57,9,0,2,15,12,41,0.233,0.265
"Ruiz, R",BAL,3B,127,370,35,86,13,2,12,46,40,88,0.232,0.306
"Sanchez, G",NYY,C,106,396,62,92,12,1,34,77,40,125,0.232,0.316
"Grichuk, R",TOR,CF,151,586,75,136,29,5,31,80,35,163,0.232,0.28
"Lucroy, J",CHC,C,101,293,30,68,10,1,8,36,27,51,0.232,0.305
"Castro, J",MIN,C,79,237,39,55,9,0,13,30,33,88,0.232,0.332
"Calhoun, K",LAA,RF,152,552,92,128,29,1,33,74,70,162,0.232,0.325
"Wendle, J",TB,2B,75,238,32,55,13,2,3,19,14,47,0.231,0.293
"Barnhart, T",CIN,C,114,316,32,73,14,0,11,40,44,83,0.231,0.328
"Grisham, T",MIL,RF,51,156,24,36,6,2,6,24,20,48,0.231,0.328
"Hernandez, T",TOR,LF,125,417,58,96,19,2,26,65,45,153,0.23,0.306
"Castro, W",DET,SS,30,100,10,23,6,1,1,8,6,34,0.23,0.284
"Dyson, J",ARI,CF,130,400,65,92,11,2,7,27,47,86,0.23,0.313
"Farmer, K",CIN,2B,97,183,22,42,6,0,9,27,10,59,0.23,0.279
"Allen, G",CLE,LF,89,231,30,53,9,3,4,27,11,53,0.229,0.29
"Tilson, C",CWS,RF,54,144,16,33,5,0,1,12,10,38,0.229,0.293
"Flowers, T",ATL,C,85,271,36,62,11,3,11,34,31,105,0.229,0.319
"Perez, H",MIL,2B,91,232,29,53,11,0,8,18,11,66,0.228,0.262
"Kiermaier, K",TB,CF,129,447,60,102,20,7,14,55,26,104,0.228,0.278
"Crawford, B",SF,SS,147,500,58,114,24,2,11,59,53,117,0.228,0.304
"Pina, M",MIL,C,76,158,10,36,8,0,7,25,16,50,0.228,0.313
"Nunez, E",BOS,2B,60,167,13,38,7,0,2,20,4,27,0.228,0.243
"Smith, M",SEA,CF,134,510,70,116,19,9,6,37,42,141,0.227,0.3
"Forsythe, L",TEX,1B,101,317,38,72,17,1,7,39,44,100,0.227,0.325
"Tellez, R",TOR,1B,111,370,49,84,19,0,21,54,29,116,0.227,0.293
"Hoskins, R",PHI,1B,160,570,86,129,33,5,29,85,116,173,0.226,0.364
"Riley, A",ATL,LF,80,274,41,62,11,1,18,49,16,108,0.226,0.279
"Rickard, J",SF,RF,68,168,14,38,9,2,3,10,18,50,0.226,0.312
"Crawford, J",SEA,SS,93,345,43,78,21,4,7,46,43,83,0.226,0.313
"Carpenter, M",STL,3B,129,416,59,94,20,2,15,46,63,129,0.226,0.334
"Adams, M",WSH,1B,111,310,42,70,14,0,20,56,20,115,0.226,0.276
"Bauers, J",CLE,LF,117,372,46,84,16,1,12,43,45,115,0.226,0.312
"Gennett, S",SF,2B,42,133,15,30,7,0,2,11,2,41,0.226,0.245
"Heredia, G",TB,CF,89,204,31,46,13,0,5,20,18,60,0.225,0.306
"Wilkerson, S",BAL,CF,117,329,41,74,18,2,10,35,22,108,0.225,0.286
"Demeritte, T",DET,LF,48,169,24,38,7,2,3,10,14,63,0.225,0.286
"Dean, A",MIA,LF,64,178,17,40,14,0,6,21,9,47,0.225,0.261
"Bradley Jr., J",BOS,CF,147,494,69,111,28,3,21,62,56,155,0.225,0.317
"Urias, L",SD,2B,71,215,27,48,8,1,4,24,25,56,0.223,0.329
"Rodriguez, S",PHI,SS,76,112,24,25,5,0,4,12,19,41,0.223,0.348
"Gomes, Y",WSH,C,97,314,36,70,16,0,12,43,38,84,0.223,0.316
"Arcia, O",MIL,SS,152,494,51,110,16,1,15,59,43,109,0.223,0.283
"Herrera, O",PHI,CF,39,126,12,28,10,1,1,16,11,33,0.222,0.288
"Iannetta, C",COL,C,52,144,20,32,10,0,6,21,18,54,0.222,0.311
"Plawecki, K",CLE,C,59,158,13,35,10,0,3,17,12,31,0.222,0.287
"Cordell, R",CWS,RF,97,217,22,48,8,0,7,24,19,69,0.221,0.29
"Nimmo, B",NYM,CF,69,199,34,44,11,1,8,29,46,71,0.221,0.375
"Rodriguez, R",DET,SS,84,276,29,61,12,3,14,43,13,82,0.221,0.252
"Davis, K",OAK,LF,133,481,61,106,11,0,23,73,47,146,0.22,0.293
"Martin, R",LAD,C,83,209,29,46,5,0,6,20,30,60,0.22,0.337
"Peterson, J",BAL,3B,29,100,14,22,3,1,2,11,6,24,0.22,0.269
"Haniger, M",SEA,RF,63,246,46,54,13,1,15,32,30,81,0.22,0.314
"Guzman, R",TEX,1B,87,256,34,56,20,0,10,36,32,87,0.219,0.308
"Hamilton, B",ATL,CF,119,316,41,69,14,2,0,15,32,87,0.218,0.289
"Profar, J",OAK,2B,139,459,65,100,24,2,20,67,48,75,0.218,0.301
"Drury, B",TOR,3B,120,418,43,91,21,1,15,41,25,113,0.218,0.262
"Rojas, J",ARI,3B,41,138,17,30,7,0,2,16,18,41,0.217,0.312
"Kinsler, I",SD,2B,87,258,28,56,12,0,9,22,19,54,0.217,0.278
"Bruce, J",PHI,RF,98,310,43,67,17,0,26,59,19,82,0.216,0.261
"Renfroe, H",SD,LF,140,440,64,95,19,1,33,64,46,154,0.216,0.289
"Travis, S",BOS,1B,59,144,17,31,4,1,6,16,11,36,0.215,0.274
"Beckham, G",DET,SS,83,223,29,48,13,2,6,15,13,68,0.215,0.271
"McKinney, B",TOR,LF,84,251,37,54,14,1,12,28,19,73,0.215,0.274
"Starling, B",KC,CF,56,186,26,40,7,0,4,12,9,56,0.215,0.255
"Upton, J",LAA,LF,63,219,34,47,8,0,12,40,32,78,0.215,0.309
"Wieters, M",STL,C,67,168,15,36,4,0,11,27,12,47,0.214,0.268
"Knapp, A",PHI,C,74,136,12,29,9,0,2,8,18,51,0.213,0.318
"Maldonado, M",HOU,C,105,333,46,71,19,0,12,27,32,86,0.213,0.293
"Lagares, J",NYM,CF,133,258,38,55,12,1,5,27,22,75,0.213,0.279
"Quinn, R",PHI,CF,44,108,18,23,3,1,4,11,12,34,0.213,0.298
"Cervelli, F",ATL,C,48,141,15,30,8,1,3,12,13,41,0.213,0.302
"Robertson, D",TB,3B,74,207,23,44,9,1,2,19,24,59,0.213,0.312
"Kemp, T",CHC,CF,110,245,31,52,9,4,8,29,23,47,0.212,0.291
"Thaiss, M",LAA,1B,53,147,17,31,7,0,8,23,17,52,0.211,0.293
"Tucker, C",PIT,SS,56,147,16,31,10,3,2,13,10,40,0.211,0.266
"Viloria, M",KC,C,42,133,7,28,7,0,1,15,10,44,0.211,0.259
"Hicks, J",DET,C,95,319,29,67,15,0,13,35,13,109,0.21,0.24
"Sisco, C",BAL,C,59,167,29,35,7,0,8,20,22,61,0.21,0.333
"Castillo, W",CWS,C,72,230,19,48,12,0,12,41,16,74,0.209,0.267
"Martin, R",BAL,SS,120,283,29,59,8,3,6,23,14,83,0.208,0.26
"White, T",LAD,1B,83,240,18,50,14,0,3,23,36,78,0.208,0.308
"Vogelbach, D",SEA,1B,144,462,73,96,17,0,30,76,92,149,0.208,0.341
"Smoak, J",TOR,1B,121,414,54,86,16,0,22,61,79,106,0.208,0.342
"Jansen, D",TOR,C,107,347,41,72,12,1,13,43,31,79,0.207,0.279
"Avila, A",ARI,C,63,164,22,34,8,0,9,24,36,68,0.207,0.353
"Moore, D",SEA,3B,113,247,31,51,14,2,9,28,25,93,0.206,0.302
"Odor, R",TEX,2B,145,522,77,107,30,1,30,93,52,178,0.205,0.283
"Bader, H",STL,CF,128,347,54,71,14,3,12,39,46,117,0.205,0.314
"Candelario, J",DET,3B,94,335,33,68,17,2,8,32,43,99,0.203,0.306
"Barnes, A",LAD,C,75,212,28,43,12,1,5,25,23,56,0.203,0.293
"Reyes, P",PIT,LF,71,143,18,29,7,2,2,19,13,36,0.203,0.274
"Greiner, G",DET,C,58,208,18,42,5,1,5,19,13,70,0.202,0.251
"Gonzalez, C",CHC,RF,45,145,21,29,3,0,3,10,18,52,0.2,0.289
"Herrera, R",MIA,CF,63,105,10,21,6,0,2,11,11,27,0.2,0.288
"Martin, L",CLE,CF,65,236,32,47,7,0,9,19,21,78,0.199,0.276
"Alonso, Y",COL,1B,121,292,34,58,13,0,10,37,39,70,0.199,0.296
"Arteaga, H",KC,3B,41,122,11,24,4,0,0,4,8,28,0.197,0.258
"Rondon, J",BAL,2B,56,143,10,28,3,0,3,9,11,38,0.196,0.263
"O'Hearn, R",KC,1B,105,328,32,64,13,1,14,38,39,99,0.195,0.281
"Morales, K",NYY,DH,53,170,16,33,2,1,2,12,26,26,0.194,0.313
"Lamb, J",ARI,1B,78,187,26,36,8,2,6,30,32,55,0.193,0.323
"Leon, S",BOS,C,65,172,14,33,3,0,5,19,13,47,0.192,0.251
"Nido, T",NYM,C,50,136,9,26,5,0,4,14,7,37,0.191,0.231
"Riddle, J",MIA,SS,51,132,15,25,6,0,6,12,5,42,0.189,0.23
"Austin, T",MIL,1B,89,154,30,29,5,1,9,24,24,67,0.188,0.296
"Dietrich, D",CIN,2B,113,251,41,47,8,2,19,43,28,74,0.187,0.328
"Fisher, D",TOR,RF,57,146,23,27,4,1,7,17,21,57,0.185,0.287
"Granderson, C",MIA,LF,138,317,44,58,17,1,12,34,41,98,0.183,0.281
"Davis, C",BAL,1B,105,307,26,55,9,0,12,36,39,139,0.179,0.276
"Hedges, A",SD,C,102,312,28,55,9,0,11,36,27,109,0.176,0.252
"Harrison, J",DET,2B,36,137,10,24,7,1,1,8,6,27,0.175,0.218
"Diaz, I",MIA,2B,49,179,17,31,5,2,5,23,19,59,0.173,0.259
"Descalso, D",CHC,2B,82,168,20,29,5,1,2,15,23,57,0.173,0.271
"Brinson, L",MIA,CF,75,226,15,39,9,1,0,15,13,74,0.173,0.236
"Bour, J",LAA,1B,52,151,18,26,5,0,8,26,17,52,0.172,0.259
"Duda, L",ATL,1B,39,105,7,18,4,0,4,15,11,32,0.171,0.252
"Reynolds, M",COL,1B,78,135,13,23,7,0,4,20,22,57,0.17,0.29
"Kang, J",PIT,3B,65,172,15,29,7,1,10,24,11,60,0.169,0.222
"Broxton, K",SEA,CF,100,204,24,34,4,0,6,16,20,104,0.167,0.242
"Zunino, M",TB,C,90,266,30,44,10,1,9,32,20,98,0.165,0.232
"Mathis, J",TEX,C,86,228,17,36,9,0,2,12,15,87,0.158,0.209
"Shaw, T",MIL,3B,86,230,22,36,5,0,7,16,36,89,0.157,0.281
"Williamson, M",SEA,LF,40,128,13,20,1,0,4,17,14,44,0.156,0.25
"Maile, L",TOR,C,44,119,9,18,2,1,2,9,8,33,0.151,0.205
"Williams, N",PHI,LF,67,106,9,16,4,0,2,5,4,43,0.151,0.196
"Owings, C",BOS,2B,66,180,13,25,6,1,3,14,14,78,0.139,0.209
"Stassi, M",LAA,C,51,132,7,18,1,0,1,5,12,49,0.136,0.211
"Rogers, J",DET,C,35,112,11,14,3,0,4,8,13,51,0.125,0.222
